date,servo_stress_index
2016-02-11,0.055741900708580774
2018-05-01,
2018-05-02,
2018-05-03,
2018-05-04,
2018-05-05,
2018-05-06,
2018-05-07,
2018-05-08,
2018-05-09,
2018-05-10,
2018-05-11,
2018-05-12,
2018-05-13,
2018-05-14,
2018-05-15,
2018-05-16,
2018-05-17,
2018-05-18,
2018-05-19,
2018-05-20,
2018-05-21,
2018-05-22,
2018-05-23,
2018-05-24,
2018-05-24,
2021-02-09,0.13883862773897152
2021-02-10,0.1445093172477287
2021-02-11,0.14407503412631972
2021-02-12,0.14669783915514778
2021-02-13,0.143355142934826
2021-02-14,0.14402180157072156
2021-02-15,0.14325882574208493
2021-02-16,0.1794586822317879
2021-02-17,0.09596912217029513
2021-02-18,0.16117618371715645
2021-02-19,0.13990050023639883
2021-02-20,0.09512868270013791
2021-02-21,0.13769065817328052
2021-02-22,0.14507402068248887
2021-02-23,0.14559819787260397
2021-02-24,0.15018035429657006
2021-02-25,0.15222238197536853
2021-02-26,0.15631971929979538
2021-02-27,0.15814715989324035
2021-02-28,0.1537943886867923
2021-03-01,0.15785926071680959
2021-03-02,0.16031273259682655
2021-03-03,0.1734467130637432
2021-03-04,0.14162162544536583
2021-03-04,0.24871333019934036
2021-03-05,0.18483338008220448
2021-03-06,0.1448072524870394
2021-03-07,0.1415255569542303
2021-03-08,0.14245802487641326
2021-03-09,0.14210248005502912
2021-03-10,0.1404218560654398
2021-03-11,0.14139871200552112
2021-03-12,0.14814904010149738
2021-03-13,0.1494634752476358
2021-03-14,0.16432315962546498
2021-03-15,0.16742653349677494
2021-03-16,0.15171169722085742
2021-03-17,0.16121340684534063
2021-03-18,0.1642241933535578
2021-03-19,0.17979392565732327
2021-03-20,0.24298588918857647
2021-03-21,0.24748061912961136
2021-03-22,0.16362533752782418
2021-03-23,0.18536274792654303
2021-03-24,0.14103491477235897
2021-03-25,0.1445632384899923
2021-03-26,0.14833486283335556
2021-03-27,0.14100737712346292
2021-03-27,0.14085727640945422
2021-03-28,0.14216037779203708
2021-03-29,0.14866875763200996
2021-03-30,0.14655431071992708
2021-03-31,0.16198248782533886
2021-04-01,0.15431634888710405
2021-04-02,0.15464328240321715
2021-04-03,0.16017566473220018
2021-04-04,0.18071013620433213
2021-04-05,0.1807898803764994
2021-04-06,0.0988883733505665
2021-04-07,0.14384771641304336
2021-04-08,0.1601797304942652
2021-04-09,0.14322877056444985
2021-04-10,0.1427552750135742
2021-04-11,0.14194132764678039
2021-04-12,0.14207387237740499
2021-04-13,0.14406481545817773
2021-04-14,0.1412584250058736
2021-04-15,0.14497183028515193
2021-04-16,0.14551597418487502
2021-04-17,0.14231011099300148
2021-04-18,0.14457782571220973
2021-04-19,0.13871418719795578
2021-04-19,0.1437311840797894
2021-04-20,0.14342213692388855
2021-04-21,0.14463421220697875
2021-04-22,0.14546698911485928
2021-04-23,0.14463056959559203
2021-04-24,0.192968521476851
2021-04-25,0.1454562323960275
2021-04-26,0.1031622193310831
2021-04-27,0.1390905555965918
2021-04-28,0.1465180072653654
2021-04-29,0.14590910053617612
2021-04-30,0.1466586419630716
2021-05-01,0.1475498508538202
2021-05-02,0.14872858468767922
2021-05-03,0.151085445357891
2021-05-04,0.1696531410711631
2021-05-05,0.1610402483761358
2021-05-06,0.1816980482058519
2021-05-07,0.24599855998047868
2021-05-08,0.1818861418942425
2021-05-09,0.18979863218047743
2021-05-10,0.24666626163439342
2021-05-11,0.14457737380219146
2021-05-12,0.13699951250578435
2021-05-12,0.14175588241258713
2021-05-13,0.14271993783366899
2021-05-14,0.1404984137060663
2021-05-15,0.14409591458569398
2021-05-16,0.14428995265646982
2021-05-17,0.14283810224019178
2021-05-18,0.1414662891448542
2021-05-19,0.14707112694237484
2021-05-20,0.14503628972970503
2021-05-21,0.14542111373816713
2021-05-22,0.09946674013499382
2021-05-23,0.17615552188609224
2021-05-24,0.14631820279270735
2021-05-25,0.16206027701718023
2021-05-26,0.145199092026722
2021-05-27,0.16091366651617559
2021-05-28,0.16492450744491405
2021-05-29,0.14865624011485826
2021-05-30,0.23935650077393913
2021-05-31,0.14702962434014732
2021-06-01,0.1614344070293846
2021-06-02,0.14408010050311834
2021-06-03,0.1592104076609558
2021-06-04,0.14735460231470585
2021-06-04,0.13868078200997322
2021-06-05,0.15383928960477017
2021-06-06,0.21723945749297902
2021-06-07,0.1481881744926626
2021-06-08,0.16799002674499314
2021-06-09,0.14947082098800973
2021-06-10,0.1550179327480598
2021-06-11,0.14460062439311944
2021-06-12,0.14965941233673452
2021-06-13,0.169585547479859
2021-06-14,0.14787396396685154
2021-06-15,0.23327602555461366
2021-06-16,0.14427441278662478
2021-06-17,0.16090946467861622
2021-06-18,0.144164804734997
2021-06-19,0.15241487281228852
2021-06-20,0.1462168298320676
2021-06-21,0.1489846714727255
2021-06-22,0.24103453135477457
2021-06-23,0.15036490089109672
2021-06-24,0.20287021651510195
2021-06-25,0.14538472076569275
2021-06-26,0.15603856888447232
2021-06-27,0.1422826541383837
2021-06-27,0.13625870029006845
2021-06-28,0.15461500141508014
2021-06-29,0.15598449815290616
2021-06-30,0.1461147521916455
2021-07-01,0.17845767519280398
2021-07-02,0.14511274784161973
2021-07-03,0.15913607725714382
2021-07-04,0.14326578339295373
2021-07-05,0.15180040013608032
2021-07-06,0.14318269404712058
2021-07-07,0.15337083705321095
2021-07-08,0.15364468278210813
2021-07-09,0.1413956388648484
2021-07-10,0.14443941859422682
2021-07-11,0.14484475641363495
2021-07-12,0.14485700143584776
2021-07-13,0.14262957929827202
2021-07-14,0.14454588377339955
2021-07-15,0.14499764954359895
2021-07-16,0.14383933416486425
2021-07-17,0.14545339548361522
2021-07-18,0.14605459968256712
2021-07-19,0.14402848051859224
2021-07-20,0.145524082421456
2021-07-21,0.14228264285621064
2021-07-21,0.14576506005220397
2021-07-22,0.14885084235311377
2021-07-23,0.14607404147232134
2021-07-24,0.1483924796161849
2021-07-25,0.14672180682483185
2021-07-26,0.1458994349674982
2021-07-27,0.14658630112875243
2021-07-28,0.14541503403034844
2021-07-29,0.14592713568518892
2021-07-30,0.14424820827409937
2021-07-31,0.15874332837864735
2021-08-01,0.15520280028625777
2021-08-02,0.2510001261714724
2021-08-03,0.1521998282393911
2021-08-04,0.21093080021692767
2021-08-05,0.1458301835853438
2021-08-06,0.18257377499155575
2021-08-07,0.14812876201680752
2021-08-08,0.15165594175902447
2021-08-09,0.2258888077230579
2021-08-10,0.1589734460328648
2021-08-11,0.19796175847795672
2021-08-12,0.14802393802997077
2021-08-13,0.1450785460846583
2021-08-13,0.16061317829390814
2021-08-14,0.14642561622652417
2021-08-15,0.1571393585949204
2021-08-16,0.1573865850336805
2021-08-17,0.15947591258932436
2021-08-18,0.22465715389600915
2021-08-19,0.15332025782447803
2021-08-20,0.16771158400305708
2021-08-21,0.13944308770271896
2021-08-22,0.15439221197276876
2021-08-23,0.14570606504909422
2021-08-24,0.14961279964722712
2021-08-25,0.2474841876680141
2021-08-26,0.15167482841789542
2021-08-27,0.20333141682768038
2021-08-28,0.14344796933849327
2021-08-29,0.16178427852284238
2021-08-30,0.1438169499678039
2021-08-31,0.15553473272764798
2021-09-01,0.1588991315807641
2021-09-02,0.15394826480080875
2021-09-03,0.22080053941395572
2021-09-04,0.1452996313870374
2021-09-05,0.1470157384369839
2021-09-05,0.18215500628036374
2021-09-06,0.14348082932957038
2021-09-07,0.16188552764338515
2021-09-08,0.14739929048289502
2021-09-09,0.15558059540933994
2021-09-10,0.2499455404521284
2021-09-11,0.15917785930381434
2021-09-12,0.19075521811301085
2021-09-13,0.7087970519966078
2021-09-14,0.1487105626487243
2021-09-15,0.14203565219483208
2021-09-16,0.15557137821346645
2021-09-17,0.1584551372940574
2021-09-18,0.14739926895365435
2021-09-19,0.24007501207209592
2021-09-20,0.145333501151806
2021-09-21,0.16241072568616532
2021-09-22,0.14414698798257766
2021-09-23,0.15424424490576924
2021-09-24,0.14935719160854832
2021-09-25,0.14273096447589986
2021-09-26,0.24953416441815263
2021-09-27,0.15883087153374933
2021-09-27,0.1522470409750863
2021-09-28,0.18412362599823984
2021-09-29,0.14644023966919442
2021-09-30,0.15962856236575318
2021-10-01,0.14615989228026233
2021-10-02,0.1461426635650459
2021-10-03,0.15358162892577717
2021-10-04,0.1441224246595347
2021-10-28,0.16563702361601457
2021-10-29,0.14330380214400157
2021-10-30,0.14572512823086586
2021-10-31,0.14146533852009657
2021-11-01,0.1434655604348799
2021-11-02,0.14337589731805012
2021-11-03,0.14431358548138518
2021-11-04,0.14584431284192037
2021-11-05,0.14436255772764134
2021-11-06,0.14584286399075927
2021-11-07,0.1449623823545851
2021-11-08,0.14511830090696654
2021-11-09,0.14105925187076368
2021-11-10,0.1425202444794601
2021-11-11,0.14791961006567717
2021-11-12,0.14059803302852972
2021-11-13,0.14437054487142295
2021-11-13,0.1387134163576824
2021-11-14,0.14504505391931827
2021-11-15,0.14572645028020179
2021-11-16,0.14263369442002144
2021-11-17,0.14470167524050093
2021-11-18,0.14591842598424987
2021-11-19,0.14546953322411693
2021-11-20,0.14873194507238627
2021-11-21,0.14574087843693995
2021-11-22,0.14334197710847776
2021-11-23,0.1433732252794615
2021-11-24,0.14292094702718755
2021-11-25,0.13943329897931273
2021-11-26,0.1388296907020361
2021-11-27,0.14095678563132372
2021-11-28,0.1421024038422594
2021-11-29,0.22998761796059244
2021-11-30,0.14468758054599695
2021-12-01,0.16126512835420165
2021-12-02,0.1435386142695
2021-12-03,0.15450102562835
2021-12-04,0.14313086106991557
2021-12-05,0.14117939358757514
2021-12-06,0.14167038745530267
2021-12-07,0.14073573584488536
2021-12-07,0.14190329247487737
2021-12-08,0.13882246516270497
2021-12-09,0.15046962594666555
2021-12-10,0.14190341205083937
2021-12-11,0.1436061935869487
2021-12-12,0.15392785305093934
2021-12-13,0.14545902869502095
2021-12-14,0.13843766837740853
2021-12-15,0.16068957575376752
2021-12-16,0.13766802751565294
2021-12-17,0.14998531539357085
2021-12-18,0.24848140490607118
2021-12-19,0.09782863466742356
2021-12-20,0.18826889797294716
2021-12-21,0.14084543099140323
2021-12-22,0.13762710774789857
2021-12-23,0.1428378375240293
2021-12-24,0.14236748695026963
2021-12-25,0.1468619623652782
2021-12-26,0.15371268730440119
2021-12-27,0.14059341859194008
2021-12-28,0.13897207528404856
2021-12-29,0.15749808381873265
2021-12-30,0.14459111665781552
2021-12-30,0.24822826771505832
2021-12-31,0.20402479421061387
2022-01-01,0.14146405867166092
2022-01-02,0.14240934743844808
2022-01-03,0.14918284370399854
2022-01-04,0.14391087307374476
2022-01-05,0.14327493089361965
2022-01-06,0.14827103796809832
2022-01-07,0.1626227510579336
2022-01-08,0.15806511276257168
2022-01-09,0.1724589450024095
2022-01-10,0.2481431343929182
2022-01-11,0.24900281371325345
2022-01-12,0.14373198381238667
2022-01-13,0.1639160201536503
2022-01-14,0.13915715616438004
2022-01-15,0.1389620716873712
2022-01-16,0.13736881301420617
2022-01-17,0.13837584492206875
2022-01-18,0.15178153288671392
2022-01-19,0.15406576025106564
2022-01-20,0.17127592901348454
2022-01-21,0.24823594428717632
2022-01-22,0.16313140372479545
2022-01-22,0.24064854420889334
2022-01-23,0.1433921010548332
2022-01-24,0.14059913471589805
2022-01-25,0.14321251977184427
2022-01-26,0.15247166569341525
2022-01-27,0.13997100494235049
2022-01-28,0.14964951853729627
2022-01-29,0.15183854327927465
2022-01-30,0.20708099772441915
2022-01-31,0.1734455797308153
2022-02-01,0.15359344856589763
2022-02-02,0.1738789436773519
2022-02-03,0.14014177314339166
2022-02-04,0.13750568118026266
2022-02-05,0.2474140605612466
2022-02-06,0.14251945226547974
2022-02-07,0.1405209721999684
2022-02-08,0.14191115271700497
2022-02-09,0.15634971969133032
2022-02-10,0.1503439816634093
2022-02-11,0.1515657619682711
2022-02-12,0.1781409101264126
2022-02-13,0.18953670976606374
2022-02-14,0.2068436234051391
2022-02-14,0.1424177594688831
2022-02-15,0.14027343893723956
2022-02-16,0.17669286339999635
2022-02-17,0.14386214494953414
2022-02-18,0.14185839228906744
2022-02-19,0.1398657187105646
2022-02-20,0.1388439882537919
2022-02-21,0.1485299384831084
2022-02-22,0.14128453911252595
2022-02-23,0.1409372315764116
2022-02-24,0.2469739837264599
2022-02-25,0.15394728949226372
2022-02-26,0.14045081479841148
2022-02-27,0.1391677181950028
2022-02-28,0.14506852391126135
2022-03-01,0.14066172650116118
2022-03-02,0.14277225063077087
2022-03-03,0.16095906234760549
2022-03-04,0.17356293529300965
2022-03-05,0.14271182291243464
2022-03-06,0.2456753708353277
2022-03-07,0.09668362139606942
2022-03-08,0.24678028643096514
2022-03-09,0.14145810675585752
2022-03-09,0.13866299596765203
2022-03-10,0.22830569508491994
2022-03-11,0.1447962488663101
2022-03-12,0.18566401404645005
2022-03-13,0.14624945274231244
2022-03-14,0.24102633662502165
2022-03-15,0.16187495522761303
2022-03-16,0.17741788171192116
2022-03-17,0.1409141034072595
2022-03-18,0.1255411472841446
2022-03-19,0.13995571566181259
2022-03-20,0.14111272397875518
2022-03-21,0.1404413691936987
2022-03-22,0.09810906198919579
2022-03-23,0.14767177975497828
2022-03-24,0.1411845367266199
2022-03-25,0.148501647914851
2022-03-26,0.13962469457446985
2022-03-27,0.1389443811373059
2022-03-28,0.22401216229046295
2022-03-29,0.24736705721830943
2022-03-30,0.09831288525140985
2022-03-31,0.14750588220865601
2022-04-01,0.14223548763114524
2022-04-01,0.13846095351662233
2022-04-02,0.14003616668458346
2022-04-03,0.1412621671705689
2022-04-04,0.14630296120279732
2022-04-05,0.1405304838194871
2022-04-06,0.13985349684583478
2022-04-07,0.14479489027193468
2022-04-08,0.14248011529817473
2022-04-09,0.22257617935150337
2022-04-10,0.1419019155154772
2022-04-11,0.24760535854683363
2022-04-12,0.23015492001142218
2022-04-13,0.2475142529094872
2022-04-14,0.09721655036289374
2022-04-15,0.09735417099639915
2022-04-16,0.09760905078677296
2022-04-17,0.11310140239982741
2022-04-18,0.1516377217476339
2022-04-19,0.14592050712274585
2022-04-20,0.2300610257992212
2022-04-21,0.2469151224509431
2022-04-22,0.09765595324589753
2022-04-23,0.15152425755388713
2022-04-24,0.14184277030429607
2022-04-25,0.1393312311392779
2022-04-25,0.14315622839435094
2022-04-26,0.14251765690213716
2022-04-27,0.13972873815920922
2022-04-28,0.16243690059010624
2022-04-29,0.19311762941891011
2022-04-30,0.13941638797901032
2022-05-01,0.24567079305810546
2022-05-02,0.09576795448679766
2022-05-03,0.09530821270211806
2022-05-04,0.09581242238388829
2022-05-05,0.1407619944080769
2022-05-06,0.14338192505881434
2022-05-07,0.14254519889895595
2022-05-08,0.14927478996839008
2022-05-09,0.14023513776143653
2022-05-10,0.1521524297965722
2022-05-11,0.155682153276918
2022-05-12,0.23171258087469682
2022-05-13,0.09851397885390085
2022-05-14,0.09727942515391907
2022-05-15,0.09704687110359733
2022-05-16,0.1714061896154483
2022-05-17,0.14326924858478307
2022-05-18,0.1427778758437786
2022-05-18,0.10031566485231888
2022-05-19,0.09801956246384683
2022-05-20,0.12470882398826971
2022-05-21,0.0985860383665355
2022-05-22,0.17327976628613231
2022-05-23,0.24939443497489822
2022-05-24,0.15470778568255944
2022-05-25,0.13684386533846296
2022-05-26,0.14134615794659955
2022-05-27,0.15148064866779345
2022-05-28,0.15994992866032726
2022-05-29,0.14158428950105248
2022-05-30,0.14219922198961435
2022-05-31,0.15792058266388245
2022-06-01,0.1614303495029057
2022-06-02,0.2977819069389593
2022-06-03,0.1429268393272051
2022-06-04,0.15792184189105582
2022-06-05,0.14992531780078494
2022-06-06,0.09816807031035471
2022-06-07,0.1359858464627296
2022-06-08,0.1515050088593943
2022-06-09,0.1420617909272299
2022-06-09,0.1440221063507077
2022-06-10,0.14571467063966456
2022-06-11,0.17618924065518843
2022-06-12,0.14438204596834178
2022-06-13,0.24826079361739245
2022-06-14,0.14068492206632327
2022-06-15,0.22693780897739568
2022-06-16,0.09476333118972609
2022-06-17,0.11419479449755905
2022-06-18,0.11762582221373777
2022-06-19,0.09728482303685287
2022-06-20,0.14258965598707807
2022-06-21,0.14116009723797207
2022-06-22,0.23401556987734778
2022-06-23,0.11056356515964484
2022-06-24,0.14677657565579105
2022-06-25,0.15549157920240592
2022-06-26,0.14458308401876516
2022-06-27,0.23011866945989087
2022-06-28,0.2473591268746936
2022-06-29,0.09713851008155253
2022-06-30,0.10039261025394447
2022-07-01,0.15049244144645346
2022-07-02,0.1389648476490227
2022-07-02,0.13623158037382838
2022-07-03,0.13989735125137698
2022-07-04,0.15814321050408267
2022-07-05,0.20314355500701742
2022-07-06,0.2473136983287938
2022-07-07,0.22895525531005928
2022-07-08,0.1955593736377613
2022-07-09,0.13551126005558412
2022-07-10,0.10541101113722046
2022-07-11,0.24727263723400264
2022-07-12,0.15682373571568065
2022-07-13,0.1404658946837957
2022-07-14,0.14202142678066965
2022-07-15,0.1436889605237823
2022-07-16,0.14269605801762084
2022-07-17,0.16016872764775014
2022-07-18,0.14106961682161498
2022-07-19,0.2372688927416471
2022-07-20,0.2401297381729292
2022-07-21,0.09853040634670433
2022-07-22,0.23777512198463147
2022-07-23,0.09720177574743609
2022-07-24,0.09731293432902924
2022-07-25,0.1564204575299705
2022-07-26,0.13948686133827182
2022-07-26,0.21202652078832523
2022-07-27,0.14287641611413626
2022-07-28,0.15238602929099432
2022-07-29,0.1486868179837374
2022-07-30,0.15183248598227764
2022-07-31,0.14140601043073353
2022-08-01,0.24658221878577696
2022-08-02,0.18812806152156086
2022-08-03,0.09755700994525605
2022-08-04,0.11868174149122382
2022-08-05,0.1401494106591578
2022-08-06,0.14239561971396833
2022-08-07,0.14025225701438832
2022-08-08,0.13973130552644605
2022-08-09,0.194865404079592
2022-08-10,0.1395943418940439
2022-08-11,0.11370801747937898
2022-08-12,0.13680123383601564
2022-08-13,0.14926641792537945
2022-08-14,0.14591523159992975
2022-08-15,0.11948959089385738
2022-08-16,0.2463961284408741
2022-08-17,0.14157490198534844
2022-08-18,0.13787548821348725
2022-08-18,0.17001048923015694
2022-08-19,0.1496215879754875
2022-08-20,0.1438113985619009
2022-08-21,0.15226731049965514
2022-08-22,0.1682448070902731
2022-08-23,0.16291732513745702
2022-08-24,0.1433513828321809
2022-08-25,0.16031070571634032
2022-08-26,0.2491153756914023
2022-08-27,0.09861194158356626
2022-08-28,0.12407654523539097
2022-08-29,0.14258411500368784
2022-08-30,0.1436841760360032
2022-08-31,0.1432330269582549
2022-09-01,0.15788752943789094
2022-09-02,0.16332115986923218
2022-09-03,0.16690721126268068
2022-09-04,0.15309202514076495
2022-09-05,0.14231823154932
2022-09-06,0.1405191540487456
2022-09-07,0.21752407650881497
2022-09-08,0.24719879866470026
2022-09-09,0.097690038967156
2022-09-10,0.14475121156351234
2022-09-10,0.14296412431437142
2022-09-11,0.14345318019210385
2022-09-12,0.14413534176269532
2022-09-13,0.102689090182665
2022-09-14,0.12908072157011416
2022-09-15,0.16491983959438158
2022-09-16,0.19161156211845548
2022-09-17,0.20625265985005564
2022-09-18,0.24044128442492224
2022-09-19,0.22793263775173905
2022-09-20,0.2481602131876461
2022-09-21,0.15272831655608327
2022-09-22,0.14329845457052975
2022-09-23,0.14460515183590053
2022-09-24,0.146575658294448
2022-09-25,0.15151471748950116
2022-09-26,0.2251696438168303
2022-09-27,0.1843367103372464
2022-09-28,0.1867743439444395
2022-09-29,0.18967209439080687
2022-09-30,0.09690649014531545
2022-10-01,0.15489081096199106
2022-10-02,0.09691338420951667
2022-10-03,0.14401437530723366
2022-10-03,0.14096489594360934
2022-10-04,0.141378436504184
2022-10-05,0.1400916713239493
2022-10-06,0.24743906408296035
2022-10-07,0.15508052179711654
2022-10-08,0.21426782914974654
2022-10-09,0.24262104785108027
2022-10-10,0.16617360160385522
2022-10-11,0.09842721287687106
2022-10-12,0.11266994073791255
2022-10-13,0.1318335504198986
2022-10-14,0.150098419940422
2022-10-15,0.14332270430086516
2022-10-16,0.14331501918993067
2022-10-17,0.09815156932360627
2022-10-18,0.1897978931258139
2022-10-19,0.14261116574685587
2022-10-20,0.14213502101514444
2022-10-21,0.20558129653599216
2022-10-22,0.17932272711655411
2022-10-23,0.2473572650903365
2022-10-24,0.247314861082684
2022-10-25,0.2228896647200016
2022-10-26,0.09936246845123607
2022-10-26,0.2117649683652214
2022-10-27,0.11403270221823127
2022-10-28,0.14096403767622556
2022-10-29,0.24706804421889741
2022-10-30,0.17100518965649952
2022-10-31,0.09948712588556578
2022-11-01,0.09789326614781059
2022-11-02,0.09746006953649351
2022-11-03,0.2207112829152218
2022-11-04,0.21482877216946955
2022-11-05,0.0976970115214018
2022-11-06,0.24786594660831884
2022-11-07,0.24813508849217958
2022-11-08,0.22430705221215894
2022-11-09,0.2204716143942431
2022-11-10,0.13548291792657463
2022-11-11,0.1401948204349211
2022-11-12,0.18427560211341076
2022-11-13,0.10793535820155369
2022-11-14,0.10979359915472416
2022-11-15,0.24910768926768845
2022-11-16,0.14507380147568844
2022-11-17,0.14044092081829537
2022-11-18,0.24645596530820868
2022-11-18,0.13879040370183549
2022-11-19,0.1646372158856297
2022-11-20,0.14074600758194486
2022-11-21,0.1428613502622793
2022-11-22,0.14464912098916655
2022-11-23,0.15722000296043595
2022-11-24,0.14407261851557912
2022-11-25,0.13646702689664403
2022-11-26,0.14055327342474247
2022-11-28,0.10914319786252052
2022-12-01,0.09436839126005936
2022-12-02,0.14211056538218136
2022-12-03,0.14266325882304928
2022-12-04,0.14224230142380334
2022-12-05,0.13847488152336762
2022-12-06,0.1597784758193022
2022-12-07,0.17428736187860872
2022-12-08,0.14269714109959447
2022-12-09,0.2039455687807804
2022-12-10,0.2480431310478319
2022-12-11,0.0990545053072418
2022-12-12,0.09903397281562698
2022-12-13,0.14420622772011182
2022-12-14,0.14154697441932168
2022-12-15,0.1410786235714927
2022-12-16,0.14046356159637183
2022-12-17,0.1372561139722172
2022-12-17,0.24808239106105306
2022-12-18,0.14237033939511828
2022-12-19,0.13891184650515664
2022-12-20,0.15129108235472155
2022-12-21,0.24771326377887398
2022-12-22,0.1615241288342757
2022-12-23,0.09867672511964397
2022-12-24,0.24861010575240716
2022-12-25,0.14199774850781818
2022-12-26,0.13835506114643067
2022-12-27,0.14036071347729281
2022-12-28,0.14018561242879743
2022-12-29,0.20084492140309929
2022-12-30,0.181660035293357
2022-12-31,0.24717057782662538
2023-01-01,0.1431070193899161
2023-01-02,0.13805118863483357
2023-01-03,0.19325795038961832
2023-01-04,0.15902537283886758
2023-01-05,0.09582749120465844
2023-01-06,0.09665194963862914
2023-01-07,0.14599094837348908
2023-01-08,0.13821395111514298
2023-01-09,0.13819281115184395
2023-01-09,0.14093476502832103
2023-01-10,0.1396151416317551
2023-01-11,0.14949179816735225
2023-01-12,0.2445202419948673
2023-01-13,0.1773399329388049
2023-01-14,0.14095436595726818
2023-01-15,0.2274311784085813
2023-01-16,0.09872379715544385
2023-01-17,0.1919581001450989
2023-01-18,0.23666180677848966
2023-01-19,0.10480944681266355
2023-01-20,0.14311332194943835
2023-01-21,0.14016996092842465
2023-01-22,0.13799384012603866
2023-01-23,0.13880993995073243
2023-01-24,0.14107328861982443
2023-01-25,0.13716731350075714
2023-01-26,0.14823288540381185
2023-01-27,0.21859887088979668
2023-01-28,0.24803395136710515
2023-01-29,0.15659817433326773
2023-01-30,0.09605964197180668
2023-01-31,0.0979732954245939
2023-02-01,0.14304628526128943
2023-02-01,0.1433178852227475
2023-02-02,0.14228416395143068
2023-02-03,0.1421118307202581
2023-02-04,0.14554876823041535
2023-02-05,0.14072147121962109
2023-02-06,0.2467637019017302
2023-02-07,0.17550959389325527
2023-02-08,0.1405119408846626
2023-02-09,0.24592187729828263
2023-02-10,0.10544577951480372
2023-02-11,0.09808275908906255
2023-02-12,0.21411308372080468
2023-02-13,0.15414279493329636
2023-02-14,0.13837718211934627
2023-02-15,0.18812250139326314
2023-02-16,0.2442929509591638
2023-02-17,0.1366193752044415
2023-02-18,0.1423527526568889
2023-02-19,0.1739165525263977
2023-02-20,0.1863461429191537
2023-02-21,0.12587020059253576
2023-02-22,0.09693428883816975
2023-02-23,0.09781871317544054
2023-02-24,0.24930700688523202
2023-02-24,0.24615958438557028
2023-02-25,0.20452543233761133
2023-02-26,0.14091805253332979
2023-02-27,0.24642943470377082
2023-02-28,0.15249875100139149
2023-03-01,0.14299163448563826
2023-03-02,0.1400440972529039
2023-03-03,0.1566824628391842
2023-03-04,0.14421689469850074
2023-03-05,0.11405112928590383
2023-03-06,0.14392800890707896
2023-03-07,0.24399114388402365
2023-03-08,0.13200444590570554
2023-03-09,0.14342080734370632
2023-03-10,0.10185942380825018
2023-03-11,0.1430778701787178
2023-03-12,0.24737329082932027
2023-03-13,0.14538134528269148
2023-03-14,0.13838798779903155
2023-03-15,0.14413543056834488
2023-03-16,0.23448424398601442
2023-03-17,0.23668536698225856
2023-03-18,0.13925961747609633
2023-03-19,0.14279191780469416
2023-03-19,0.13997320033698923
2023-03-20,0.28191655832835966
2023-03-21,0.1295897377588169
2023-03-22,0.24812636622981704
2023-03-23,0.09919134976398683
2023-03-24,0.14681451507649662
2023-03-25,0.1444634817492499
2023-03-26,0.15031275610517866
2023-03-27,0.21138510502533994
2023-03-28,0.14754519309653963
2023-03-29,0.15100412249858258
2023-03-30,0.1931288359565647
2023-03-31,0.18809413026302935
2023-04-01,0.16561909908479777
2023-04-02,0.151067442918526
2023-04-03,0.20026265183229058
2023-04-04,0.1544242818881416
2023-04-05,0.14327635194837174
2023-04-06,0.14298826665860964
2023-04-07,0.14324542046697414
2023-04-08,0.14248736999248113
2023-04-09,0.14149397806004535
2023-04-10,0.14178783610608214
2023-04-10,0.1379055116289179
2023-04-11,0.14305778891014448
2023-04-12,0.14379157160553227
2023-04-13,0.1439719569904049
2023-04-14,0.1431482671872248
2023-04-15,0.1426237641419276
2023-04-16,0.14319861602776351
2023-04-17,0.14207463099619688
2023-04-18,0.14318290269458386
2023-04-19,0.14425053554139394
2023-04-20,0.14429051426027867
2023-04-21,0.1433277121477429
2023-04-22,0.14313731401770244
2023-04-23,0.14237020223848118
2023-04-24,0.14280855133409798
2023-04-25,0.14328117553602832
2023-04-26,0.14414179690564075
2023-04-27,0.1434489581548628
2023-04-28,0.14464150055327024
2023-04-29,0.14390436849408794
2023-04-30,0.14285576256284888
2023-05-01,0.14295113743641197
2023-05-02,0.14281968272525553
2023-05-03,0.1428468353059712
2023-05-03,0.14115990255583977
2023-05-04,0.14378117743321006
2023-05-05,0.14334528946686462
2023-05-06,0.14306222126808066
2023-05-07,0.14351568248342808
2023-05-08,0.14402606714026644
2023-05-09,0.14420315682351548
2023-05-10,0.14418539441977235
2023-05-11,0.14438723262465633
2023-05-12,0.14491785880188077
2023-05-13,0.14502897738545922
2023-05-14,0.1441109504307203
2023-05-15,0.1426049447193899
2023-05-16,0.14311791694285603
2023-05-17,0.1440603367240267
2023-05-18,0.14318429708858918
2023-05-19,0.1428398555410985
2023-05-20,0.14145750920462472
2023-05-21,0.1426798875000914
2023-05-22,0.14283495947754765
2023-05-23,0.14305622084017025
2023-05-24,0.09720678944320038
2023-05-25,0.15684153338130813
2023-05-26,0.09763766905270517
2023-05-27,0.09495269692049484
2023-05-27,0.0975035059254112
2023-05-28,0.09586081231412028
2023-05-29,0.09791187899023106
2023-05-30,0.09941425047985758
2023-05-31,0.15126823820194638
2023-06-01,0.1448232186266914
2023-06-02,0.14368073340884613
2023-06-03,0.14378658624383034
2023-06-04,0.14325183969797967
2023-06-05,0.14254534893989448
2023-06-06,0.14192368118498735
2023-06-07,0.14149610052098327
2023-06-08,0.14266103177787537
2023-06-09,0.14313103507468022
2023-06-10,0.14376700715200466
2023-06-11,0.14367821984837284
2023-06-12,0.14475989370352202
2023-06-13,0.14240291437517172
2023-06-14,0.14056339339665366
2023-06-15,0.14279911662401096
2023-06-16,0.14077043610540152
2023-06-17,0.14163995970582338
2023-06-18,0.1421527693302269
2023-06-19,0.1446967841320239
2023-06-19,0.13964933108559377
2023-06-20,0.14315465167630664
2023-06-21,0.14137023711297111
2023-06-22,0.1421665509987765
2023-06-23,0.14219744477433674
2023-06-24,0.14245758436042572
2023-06-25,0.14133524123496127
2023-06-26,0.1428006269886801
2023-06-27,0.14291704571557481
2023-06-28,0.14234025235839945
2023-06-29,0.1424497409561361
2023-06-30,0.1437059069627649
2023-07-01,0.14279905364689746
2023-07-02,0.14321043063280733
2023-07-03,0.14049919049794476
2023-07-04,0.14134102143466065
2023-07-05,0.14277605750550912
2023-07-06,0.14345368275927997
2023-07-07,0.14423952161683978
2023-07-08,0.13931057876544736
2023-07-09,0.141818052551728
2023-07-10,0.14258226741001245
2023-07-11,0.1435690463407072
2023-07-12,0.139809499964082
2023-07-12,0.14414451843906775
2023-07-13,0.14164587601602813
2023-07-14,0.2904046593464431
2023-07-15,0.3461662741286521
2023-07-16,0.20610340581238185
2023-07-17,0.34192756869935015
2023-07-18,0.43588320368423
2023-07-19,0.394591626896697
2023-07-20,0.4871620588229243
2023-07-21,0.5303862078167848
2023-07-22,0.4788478284997067
2023-07-23,0.4962528462616368
2023-07-24,0.6380383013452908
2023-07-25,0.7968913197153495
2023-07-25,0.4212910068018642
2023-07-26,0.6424944539829189
2023-07-27,0.3353482857002158
2023-07-28,0.4022186041992763
2023-07-29,0.30579013550513867
2023-07-30,0.33399181528044175
2023-07-31,0.4452094566049757
2023-08-01,0.4733135086415363
2023-08-02,0.49336193513180243
2023-08-03,0.36914415701083525
2023-08-04,0.4989715326502141
2023-08-05,0.793608991788533
2023-08-06,0.14245742971377062
2023-08-06,0.7909807558075593
2023-08-07,0.6302180981314621
2023-08-08,0.6464552700016074
2023-08-09,0.6409541184383174
2023-08-10,0.2919217579011411
2023-08-11,0.19051440360125532
2023-08-12,0.1419716305545812
2023-08-13,0.14291746270201583
2023-08-14,0.14179819215452166
2023-08-15,0.14231919883098176
2023-08-16,0.1416609415683373
2023-08-17,0.14130033169574882
2023-08-18,0.14217614395247277
2023-08-19,0.141759773647893
2023-08-20,0.4768040171452321
2023-08-21,0.6183659454844644
2023-08-22,0.14110106074929546
2023-08-22,0.6484395745462561
2023-08-23,0.6437512651969345
2023-08-24,0.14258108507523004
2023-08-25,0.35300721826175385
2023-08-26,0.3314067018766114
2023-08-27,0.3318252646865737
2023-08-28,0.3838211602926266
2023-08-29,0.4939563881519831
2023-08-30,0.39769055596831004
2023-08-31,0.39596853510750735
2023-09-01,0.48526282904150436
2023-09-02,0.5082208505574322
2023-09-03,0.1351079067079139
2023-09-03,0.4796487685164636
2023-09-04,0.6360575139656032
2023-09-05,0.6350224301412611
2023-09-06,0.6397009906916351
2023-09-07,0.3721861669425637
2023-09-08,0.32939908292957787
2023-09-09,0.3142877493538851
2023-09-10,0.4339166278785408
2023-09-11,0.33429859635234727
2023-09-12,0.46890715964553686
2023-09-13,0.4487296725391124
2023-09-14,0.239032468938368
2023-09-14,0.7908697120184098
2023-09-15,0.4131250698689464
2023-09-16,0.38732572300553897
2023-09-17,0.5780958207490584
2023-09-18,0.6317748386604717
2023-09-19,0.6373497501484269
2023-09-20,0.6343169716344009
2023-09-21,0.6398830460444108
2023-09-22,0.3907360794421548
2023-09-23,0.3926809084000322
2023-09-24,0.4252824536969596
2023-09-25,0.3876389308675049
2023-09-26,0.14363586655584112
2023-09-26,0.5338219481262667
2023-09-27,0.2913150904931449
2023-09-28,0.1159019821257494
2023-09-29,0.11217169193595829
2023-09-30,0.11239519829755555
2023-10-01,0.11038240813047681
2023-10-02,0.09575816563021816
2023-10-03,0.09161084457376292
2023-10-04,0.08406750091334197
2023-10-05,0.6152211194347186
2023-10-06,0.39647346264215544
2023-10-07,0.27131455711557007
2023-10-08,0.3734127194578957
2023-10-09,0.4134592625549124
2023-10-10,0.42384745047467864
2023-10-11,0.47105021531455404
2023-10-11,0.49731456827899034
2023-10-12,0.3559560090886229
2023-10-13,0.49590367138100405
2023-10-14,0.4546330485251394
2023-10-15,0.5208133531603492
2023-10-16,0.5306542643223116
2023-10-17,0.6090827014827807
2023-10-18,0.5505594534107181
2023-10-19,0.6121361814965762
2023-10-20,0.6200800154041446
2023-10-21,0.420347428072533
2023-10-22,0.13826855231552243
2023-10-22,0.38892998990481037
2023-10-23,0.3762633615875081
2023-10-24,0.350398221432907
2023-10-25,0.38809410217752216
2023-10-26,0.3875509022197382
2023-10-27,0.43649673495340857
2023-10-28,0.49564983916919936
2023-10-29,0.5619717445898251
2023-10-30,0.5601673666735538
2023-10-31,0.561509429573766
2023-11-01,0.6675443275188297
2023-11-02,0.7280463069642069
2023-11-03,0.13278056268414132
2023-11-03,0.8005676894151773
2023-11-04,0.4999833681366561
2023-11-05,0.460799324156429
2023-11-06,0.515818724736862
2023-11-07,0.38817903313652224
2023-11-08,0.45927054367101533
2023-11-09,0.5083697051799971
2023-11-10,0.5670126357440847
2023-11-11,0.5947772120876603
2023-11-12,0.4675526134756703
2023-11-13,0.6055466826728877
2023-11-14,0.5403168344406735
2023-11-15,0.6923808211572654
2023-11-15,0.7966897897485407
2023-11-16,0.713187662848397
2023-11-17,0.7487723484330981
2023-11-18,0.7477068588807865
2023-11-19,0.6448689610236125
2023-11-20,0.511421056580825
2023-11-21,0.5539692360820802
2023-11-22,0.30624064556776964
2023-11-23,0.33227355090346483
2023-11-24,0.2543750415478478
2023-11-25,0.27822058341336664
2023-11-26,0.1157432888428584
2023-11-26,0.4148075356985265
2023-11-27,0.42636661021485334
2023-11-28,0.5038165237785891
2023-11-29,0.44989119775786135
2023-11-30,0.39467613460343615
2023-12-01,0.6265184112021428
2023-12-02,0.6405038159957335
2023-12-03,0.6402352625889617
2023-12-04,0.6365461348048063
2023-12-05,0.28951180184047953
2023-12-06,0.3245817673029403
2023-12-07,0.39254541750447147
2023-12-08,0.4456575562566434
2023-12-08,0.5237702837656824
2023-12-09,0.4139267309278925
2023-12-10,0.36715472164910334
2023-12-11,0.40964317836390046
2023-12-12,0.46912888360937693
2023-12-13,0.4745997589074294
2023-12-14,0.3972786051213105
2023-12-15,0.4493019348499923
2023-12-16,0.4962659899606624
2023-12-17,0.5835850920979775
2023-12-18,0.5777928780224444
2023-12-19,0.07560325686007585
2023-12-19,0.6724011389645932
2023-12-20,0.4021608790508219
2023-12-21,0.3019723487328235
2023-12-22,0.3521521343771581
2023-12-23,0.2198686594662485
2023-12-24,0.2868401746143793
2023-12-25,0.3741591716734595
2023-12-26,0.37641388500340445
2023-12-27,0.385249833300629
2023-12-28,0.44280430712734437
2023-12-29,0.4825297660036063
2023-12-30,0.4539335574161337
2023-12-31,0.41205219777041063
2023-12-31,0.7955106785228255
2024-01-01,0.523257636021329
2024-01-02,0.6437783168210367
2024-01-03,0.6227470434885055
2024-01-04,0.3175161160814893
2024-01-05,0.24598139602281394
2024-01-06,0.24275840274743066
2024-01-07,0.33698206815053133
2024-01-08,0.32901737976273043
2024-01-09,0.35019527469307804
2024-01-10,0.33470728002224076
2024-01-11,0.05267139891160457
2024-01-11,0.5985626689040263
2024-01-12,0.0451368048368303
2024-01-13,0.5077754039058635
2024-01-14,0.48290661379672084
2024-01-15,0.33783405806646516
2024-01-16,0.40314574991460267
2024-01-17,0.4535486987008203
2024-01-18,0.5138262104727288
2024-01-19,0.49065296403535597
2024-01-20,0.15216106369232663
2024-01-21,0.20545544592830295
2024-01-22,0.4959142445669246
2024-01-23,0.29944392669012154
2024-01-24,0.5386135438973751
2024-01-24,0.26844180181368044
2024-01-25,0.3697441257126857
2024-01-26,0.2852472102368645
2024-01-27,0.3024950920323973
2024-01-28,0.3193434110241701
2024-01-29,0.5338141914865216
2024-01-30,0.38586987159144004
2024-01-31,0.3661251726492119
2024-02-01,0.4452680852240666
2024-02-02,0.361153701710953
2024-02-03,0.5435578611176213
2024-02-04,0.20760776660927044
2024-02-04,0.5938338291430196
2024-02-05,0.3155737920037783
2024-02-06,0.33118755479378875
2024-02-07,0.19366336898693212
2024-02-08,0.29579820320817835
2024-02-09,0.3138541263638893
2024-02-10,0.3527128750680377
2024-02-11,0.40020692615337156
2024-02-12,0.3304163505838435
2024-02-13,0.3802724350465856
2024-02-14,0.34484426244531763
2024-02-15,0.3446648953729498
2024-02-16,0.12523518147134705
2024-02-16,0.4856487347420681
2024-02-17,0.421170326145119
2024-02-18,0.3903010666900642
2024-02-19,0.4842568456231278
2024-02-20,0.5118032294527247
2024-02-21,0.31186640443841723
2024-02-22,0.5479677446870804
2024-02-23,0.2268437400933261
2024-02-24,0.2665572322463208
2024-02-25,0.31824348297768346
2024-02-26,0.2684367289708165
2024-02-27,0.17575531299186656
2024-02-27,0.6003989770181998
2024-02-28,0.5968390905918296
2024-02-29,0.23859568687138247
2024-03-01,0.5941155229204682
2024-03-02,0.5926122205289945
2024-03-03,0.3580300991013012
2024-03-04,0.5980421625820177
2024-03-05,0.24881459529412508
2024-03-19,0.49722388834685294
2024-03-20,0.3784844225779753
2024-03-21,0.5120743704029765
2025-03-12,0.08048759436189999
2025-03-14,0.44124065187535083
2025-03-15,0.509434090359318
2025-03-16,0.5280441577295129
2025-03-17,0.6961362348902187
2025-03-18,0.44026286652816954
2025-03-19,0.440274357446184
2025-03-20,0.7139126083579563
2025-03-21,0.7916827800376829
2025-03-22,0.7869308932023396
2025-03-25,0.6477567854515888
2025-03-26,0.7700521507477932
2025-03-27,0.7954742714439458
2025-03-28,0.795578202221982
2025-03-29,0.7881628692201134
2025-03-30,0.7913579143791303
2025-03-31,0.7956760248920738
2025-03-31,0.7869422437871759
2025-04-01,0.7956150546407922
2025-04-02,0.794960591541457
2025-04-03,0.7952693919783768
2025-04-04,0.7950690833775581
2025-04-05,0.787608157201365
2025-04-06,0.44277576302390725
2025-04-07,0.4452315599546344
2025-04-08,0.4440090958398624
2025-04-09,0.4738863923653255
2025-04-10,0.7953602732495133
2025-04-11,0.5198449293268117
2025-04-12,0.796317499446253
2025-04-13,0.4950633444233538
2025-04-14,0.796632695540834
2025-04-15,0.6551428282575088
2025-04-16,0.5272355449969153
2025-04-17,0.6972944083423783
2025-04-18,0.5256526888459618
2025-04-19,0.7141111804843431
2025-04-20,0.795863320292733
2025-04-21,0.707777071177671
2025-04-22,0.7963261168111211
2025-04-23,0.617236969952378
2025-04-23,0.7985085211008451
2025-04-24,0.7966289723942521
2025-04-25,0.79593709076115
2025-04-26,0.7960380809856995
2025-04-27,0.7959470059618142
2025-04-28,0.7946152765829717
2025-04-29,0.7958144473568852
2025-04-30,0.7957436961243507
2025-05-01,0.7960446846540924
2025-05-02,0.7960953771718082
2025-05-03,0.795512902402773
2025-05-04,0.796470480829213
2025-05-05,0.5330378529160278
2025-05-06,0.4830792073947993
2025-05-07,0.6810651183071663
2025-05-08,0.44522576406747966
2025-05-09,0.7958897339993686
2025-05-10,0.5666145899669082
2025-05-11,0.6821694405420411
2025-05-12,0.699259230651464
2025-05-13,0.79504626239381
2025-05-14,0.7959262628557792
2025-05-15,0.6100575182849247
2025-05-16,0.5448931364673252
2025-05-16,0.7872014777617539
2025-05-17,0.7147220538137907
2025-05-18,0.46047062823951757
2025-05-19,0.7463203490451434
2025-05-20,0.6302609304768023
2025-05-21,0.4907388209963778
2025-05-22,0.7961548548848767
2025-05-23,0.47428155686579315
2025-05-24,0.7436589743658648
2025-05-25,0.7952560754446734
2025-05-26,0.20017879853347725
2025-05-27,0.12238640933522466
2025-05-27,0.2658274654464883
2025-05-28,0.22251404980878062
2025-05-29,0.3726187554524469
2025-05-29,0.11619274253872382
2025-05-30,0.2535170220358107
2025-05-31,0.23371973938683815
2025-05-31,0.2964804659495007
2025-06-01,0.2277289076747389
2025-06-02,0.11247638104378575
2025-06-02,0.35863958465716317
2025-06-03,0.2896781873997201
2025-06-04,0.20733541175978196
2025-06-04,0.3514362565712072
2025-06-05,0.2436674168375469
2025-06-06,0.1636269988726457
2025-06-06,0.43067643193571287
2025-06-07,0.17158287423701396
2025-06-08,0.23078177648556628
2025-06-09,0.1445186767702368
2025-06-09,0.23421780013934956
2025-06-10,0.19650798920276974
2025-06-11,0.25628515586716116
2025-06-11,0.1544968991464995
2025-06-12,0.2730142408673475
2025-06-13,0.14647278912701156
2025-06-13,0.22919210388030586
2025-06-14,0.23502084952094532
2025-06-15,0.10065441670793855
2025-06-15,0.2562713162804866
2025-06-16,0.22863265002156702
2025-06-17,0.15169599303552583
2025-06-17,0.36118410864206374
2025-06-18,0.404454320335935
2025-06-19,0.24148785733853045
2025-06-19,0.37184281383911527
2025-06-20,0.22433196213204332
2025-06-21,0.13634476125545125
2025-06-21,0.3715408268342493
2025-06-22,0.26013477127374995
2025-06-23,0.1509985555250114
2025-06-23,0.5540730613508279
2025-06-24,0.22454550030570938
2025-06-25,0.27688296867533
2025-06-25,0.7155366701034799
2025-06-26,0.1939011785246493
2025-06-27,0.24194845649799623
2025-06-28,0.2022317866107492
2025-06-28,0.10137057008344279
2025-06-29,0.2871229226835373
2025-06-30,0.2493637492917364
2025-06-30,0.2829346389558629
2025-07-01,0.266150970632758
2025-07-02,0.14883562259041894
2025-07-02,0.2919293057887159
2025-07-03,0.14691679457039464
2025-07-04,0.25132756838209547
2025-07-04,0.19739366284726295
2025-07-05,0.2970089569915696
2025-07-06,0.1942474792007314
2025-07-06,0.24093317560680466
2025-07-07,0.22146785724846932
2025-07-08,0.13705441977998897
2025-07-08,0.2734078080126072
2025-07-09,0.2290589678131928
2025-07-10,0.27549944793758296
2025-07-10,0.14115804550399
2025-07-11,0.21388416615213696
2025-07-12,0.10077897000056316
2025-07-12,0.7577775501200091
2025-07-13,0.1275940686095329
2025-07-14,0.621072923746794
2025-07-15,0.4455521131644919
2025-07-16,0.43926807595345374
2025-07-17,0.42311488883689097
2025-07-18,0.445188234450857
2025-07-19,0.445188234450857
2025-07-20,0.445188234450857
2025-07-21,0.445188234450857
2025-07-22,0.445188234450857
2025-07-23,0.445188234450857
2025-07-23,0.445188234450857
2025-07-24,0.445188234450857
2025-07-25,0.445188234450857
2025-07-26,0.445188234450857
2025-07-27,0.445188234450857
2025-07-28,0.445188234450857
2025-07-29,0.445188234450857
2025-07-30,0.445188234450857
2025-07-31,0.445188234450857
2025-08-01,0.445188234450857
2025-08-02,0.445188234450857
2025-08-03,0.445188234450857
2025-08-04,0.445188234450857
2025-08-05,0.445188234450857
2025-09-11,0.1345844469842815
2025-09-12,0.141833668865694
2025-09-12,0.12736724585348413
2025-09-13,0.13791930010755
2025-09-14,0.12739734855089246
2025-09-14,0.15656860787310534
2025-09-15,0.161703337157715
2025-09-16,0.11256447156265245
2025-09-16,0.23608361107832265
2025-09-17,0.24700968712856225
2025-09-18,0.13014479360666475
2025-09-19,0.14326614863059067
2025-09-19,0.24982318274227588
2025-09-20,0.1341193226893881
2025-09-21,0.1283781208395327
2025-09-21,0.14233278693153226
2025-09-22,0.10145395778199748
2025-09-23,0.22032408212699278
2025-09-23,0.09892339725478226
2025-09-24,0.25032922751114217
2025-09-25,0.22045941672489516
2025-09-26,0.2519086640180026
2025-09-29,0.08048759436189999
2025-09-29,0.08048759436189999
2025-09-30,0.16968253709633485
2025-10-01,0.18483658613380316
2025-10-02,0.16899668112853702
2025-10-02,0.2157010853201627
2025-10-03,0.15194292110561314
2025-10-04,0.17688759555934278
2025-10-04,0.0946428095911916
2025-10-05,0.1660153778383962
2025-10-06,0.1335806324710662
2025-10-07,0.14142534422910497
2025-10-07,0.14356248713671882
2025-10-08,0.19115469560525494
2025-10-09,0.15493473641255634
2025-10-09,0.18154142847892818
2025-10-10,0.14286293931229582
2025-10-11,0.14440476373029468
2025-10-11,0.1397038708268238
2025-10-12,0.14515178869379858
2025-10-13,0.14537453189872437
2025-10-14,0.13744533149117272
2025-10-14,0.15669679572537504
2025-10-15,0.15633865763493762
2025-10-16,0.14583100626424889
2025-10-16,0.14640805171033264
2025-10-17,0.19446478200838932
2025-10-18,0.1013091305130349
2025-10-18,0.22340898444543117
2025-10-19,0.19344740489180925
2025-10-20,0.22289092887549658
2025-10-21,0.10437497895997626
2025-10-21,0.24989944129968736
2025-10-22,0.14877330646674267
2025-10-23,0.1449987039192243
2025-10-23,0.13993948411663992
2025-10-24,0.17136332688369826
2025-10-25,0.17382544700650476
2025-10-25,0.1419813830285464
2025-10-26,0.19584344918909752
2025-10-27,0.17653278020928498
2025-10-28,0.09784941241895674
2025-10-28,0.15555230739171894
2025-10-29,0.2467378544308849
2025-10-30,0.21481793158803686
2025-10-30,0.24394745616315006
2025-10-31,0.08048759436189999
2025-11-01,0.08048759436189999
2025-11-02,0.08048759436189999
2025-11-02,0.08048759436189999
2025-11-03,0.08048759436189999
2025-11-04,0.08048759436189999
2025-11-05,0.12590343842299181
2025-11-05,0.09296120408704142
2025-11-06,0.12422126976478595
2025-11-07,0.04514672300701333
2025-11-07,0.06129278439337783
2025-11-08,0.04514203138007557
2025-11-09,0.04514048805669002
2025-11-09,0.04514307705730957
2025-11-10,0.09480673884487498
2025-11-11,0.11815398691212761
2025-11-12,0.09731165357548963
2025-11-12,0.04514556177258527
2025-11-13,0.04514497532183065
2025-11-14,0.04514822039163085
2025-11-14,0.045149540050573325
2025-11-15,0.047639205553414575
2025-11-16,0.12299245123058544
2025-11-16,0.05270948596668061
2025-11-17,0.04843141724387999
2025-11-18,0.1796412430476047
2025-11-19,0.15000304075004905
2025-11-19,0.15000304075004905
2025-11-20,0.18069721918902767
2025-11-21,0.16661134609587908
2025-11-21,0.13917513749351115
2025-11-22,0.1253510141453355
2025-11-23,0.15074537866717552
2025-11-23,0.2471869199604604
2025-11-24,0.1560100384067738
2025-11-25,0.2504256949042434
2025-11-26,0.14550475799812265
2025-11-26,0.250371409144469
2025-11-27,0.16732043200905572
2025-11-28,0.12335072960432993
2025-11-28,0.24813665765860843
2025-11-29,3.04075004904771e-06
2025-11-30,3.04075004904771e-06
2025-11-30,0.029941817407390315
2025-12-01,0.16337596208679328
2025-12-02,0.20083693929065938
2025-12-02,0.18020974898434933
2025-12-03,0.15210428400593465
2025-12-04,0.21151235750075248
2025-12-05,0.14327782656050572
2025-12-05,0.24936108387258413
2025-12-06,0.23288283710106494
2025-12-07,0.10097730632240941
2025-12-07,0.20282852278253616
2025-12-08,0.162015871996066
2025-12-09,0.1328174007148666
2025-12-09,0.14220743591127719
2025-12-10,0.17744282747130158
2025-12-11,0.19973652673819337
2025-12-12,0.24096046744835323
2025-12-12,0.14555062223138565
2025-12-13,0.1830258387705419
2025-12-14,0.2511135087122247
2025-12-14,0.24824111884930924
2025-12-19,0.16833156076511013
2025-12-20,0.2409009618481533
2025-12-20,0.14332071431969326
2025-12-21,0.16691511459135855
2025-12-22,0.10107759589558082
2025-12-23,0.1870429058813461
2025-12-23,0.15821779896665622
2025-12-24,0.21317043997293006
2025-12-25,0.22294979362641346
2025-12-25,0.1505316055248484
2025-12-26,0.20571795663466166
2025-12-27,0.14511942173699852
2025-12-27,0.1409976189844624
2025-12-28,0.14390883801158733
2025-12-29,0.1451434062586844
2025-12-30,0.14347190145461475
2025-12-30,0.14514386417849812
2025-12-31,0.1451445372191163
2026-01-01,0.1451408985811586
2026-01-01,0.1442891292184202
2026-01-02,0.1438912883238055
2026-01-03,0.1405084527558999
2026-01-03,0.14372342609005118
2026-01-04,0.14383697582382282
2026-01-05,0.20991875304603497
2026-01-06,0.09802209516022663
2026-01-06,0.11799090840968018
2026-01-07,0.17093527715165818
2026-01-08,0.17557516034356574
2026-01-08,0.1439868558476017
2026-01-09,0.19212523184476146
2026-01-10,0.17695279732170452
2026-01-10,0.09607148011630981
2026-01-11,0.15884680266476034
2026-01-12,0.15128930191423606
2026-01-13,0.18304903329530942
2026-01-13,0.16139224889087672
2026-01-14,0.1683733455744732
2026-01-15,0.1520788080209274
2026-01-15,0.12714709748801573
2026-01-16,0.20405948476446678
2026-01-17,0.1510959106712772
2026-01-18,0.23447679930869159
2026-01-18,0.16954104792857388
2026-01-19,0.14555314696703392
2026-01-20,0.1838305094869196
2026-01-20,0.16993408545355085
2026-01-21,0.20140429570648188
2026-01-22,0.1508456285527071
2026-01-22,0.1503416868980268
2026-01-23,0.187596557877566
2026-01-24,0.14575402651997355
2026-01-25,0.14239300793995632
2026-01-25,0.144426707165154
2026-01-26,0.1233433375684374
2026-01-27,0.17599515937617816
2026-01-27,0.1579196584390275
2026-01-28,0.16431828754537936
2026-01-29,0.1402102293543411
2026-01-29,0.1450320310235029
2026-01-30,0.14644680637600738
2026-01-31,0.1113335559070033
2026-02-01,0.20512645993663503
2026-02-01,0.15630990884514476
2026-02-02,0.15805636526953873
2026-02-03,0.14495874589623964
2026-02-03,0.1950624831951113
2026-02-04,0.14579859378567034
2026-02-05,0.2243255158980768
2026-02-05,0.14323054308699879
2026-02-06,0.17779924662446217
2026-02-07,0.14502349130275882
2026-02-07,0.10790595547803025
2026-02-08,0.16714584792327486
2026-02-09,0.20611480087991935
2026-02-10,0.16234373787758025
2026-02-10,0.12981152781325503
2026-02-11,0.10109999952122939
2026-02-12,0.18097847386948462
2026-02-12,0.201073659364559
2026-02-13,0.19460461536517115
2026-02-14,0.15154918983697652
2026-02-14,0.14095011077183078
2026-02-15,0.24064101606736182
2026-02-16,0.1429302675535356
2026-02-17,0.10050894131135202
2026-02-17,0.1438220894451111
2026-02-18,0.13812570455436188
2026-02-19,0.11673804451558714
2026-02-19,0.09297514870319289
2026-02-20,0.1202349079864111
2026-02-21,0.12604658060800994
2026-02-21,0.14166833306904447
2026-02-22,0.09733932507395375
2026-02-23,0.16166044271396074
2026-02-24,0.10119619821256205
2026-02-24,0.14194746204312028
2026-02-25,0.14831236279632487
2026-02-26,0.12365296920401812
2026-02-26,0.1485143494695203
2026-02-27,0.13852634176409157
2026-02-28,0.20711592881183272
2026-02-28,0.1415742073634892
2026-03-01,0.11750720366333456
2026-03-03,0.13266142734015876
2026-03-04,0.018517955860474545
2026-03-04,0.16440697539328192
2026-03-05,0.1411628895978065
