date,total_rows,active_rows,active_ratio,upper_error_std,lower_error_std,upper_vel_std,lower_vel_std,upper_error_spikes,lower_error_spikes,upper_current_spikes,lower_current_spikes,is_operational_day,oscillation_score
2023-03-20,17280,17262,0.9989583333333333,55.81026026425128,0.4999174289548938,0.15751747987752918,0.2906613994506513,8612,8485,0,22,True,0.7303673841457944
2024-01-20,17280,15172,0.8780092592592592,53.7051767038333,0.49968554719106206,0.015250208806754227,0.05986798051956202,6619,0,7273,7187,True,0.6788431742895666
2024-01-31,17280,13950,0.8072916666666666,52.74515322446526,0.49565059358999924,0.015254846605227907,0.095186024241426,6098,0,5934,6034,True,0.673770232332246
2024-02-17,17280,14827,0.8580439814814815,50.98727579969426,0.4992843664130852,0.015025928422061869,0.058009137963418236,5132,0,7001,6787,True,0.6625988271665426
2024-02-10,17280,13313,0.7704282407407408,62.69142961981797,0.49230272992284746,0.01667536472593446,0.02846991722066861,4480,0,1783,2698,True,0.647882234974197
2023-11-30,17280,14964,0.8659722222222223,54.44792274662124,0.49905413044997726,0.016327871240504957,0.08417862134646682,7021,0,0,6861,True,0.6393421376160483
2023-12-15,17280,14250,0.8246527777777778,54.14579888560865,0.49802286100449494,0.01834556578356929,0.0821838953971926,6407,0,0,6379,True,0.6380249815592152
2023-07-23,17280,14387,0.8325810185185185,53.28595263821451,0.4975344172728487,0.016256222627833824,0.09331916100720865,6890,0,6455,0,True,0.631376777423328
2023-10-16,17280,15380,0.8900462962962963,51.45128609001838,0.4998705149392946,0.01664704222271765,0.08119858146781138,6683,0,7348,0,True,0.62184005240634
2023-09-17,17280,14801,0.8565393518518518,50.298107024189044,0.49877603082735983,0.019280035038068254,0.0902986727840086,6638,0,6701,0,True,0.6175082811051731
2024-01-16,17280,15430,0.8929398148148148,51.133275833987135,0.49978161002539717,0.015324054395741249,0.058849024076326695,5148,0,369,7402,True,0.6166056401085043
2023-08-06,17280,15106,0.8741898148148148,49.713447667844605,0.49915472634629554,0.015216805499944284,0.09303560104916316,6509,0,7105,0,True,0.6137109597580829
2023-12-19,17280,15373,0.8896412037037037,53.546926273272305,0.4998784164115815,0.01706957642803767,0.018577912284187995,6454,0,0,5302,True,0.6131932654973618
2023-09-03,17280,15368,0.8893518518518518,50.90004794022146,0.4998804813251937,0.017232953894703522,0.08583782743751951,6572,0,5566,0,True,0.6106725799579906
2023-12-28,17280,14634,0.846875,56.15972234969625,0.49802321257630633,0.015585632152750106,0.0572145225772464,3993,0,0,2218,True,0.610386104312236
2023-08-20,17280,15551,0.8999421296296296,48.91706332801119,0.49996613155753983,0.01482717538342508,0.09814930355557895,6307,0,7624,0,True,0.6102818693053567
2023-12-31,17280,14440,0.8356481481481481,49.406773856997596,0.4971036653273078,0.018467393964417357,0.07870363670293953,6626,0,0,6332,True,0.6098583018968706
2024-02-06,17280,14202,0.821875,60.85338695768429,0.4976201589252688,0.014707847286947552,0.03773830217925566,0,0,6241,6329,True,0.6090349478225184
2024-01-25,17280,14064,0.8138888888888889,60.70999799047487,0.49737221389123415,0.016642069518764218,0.030262652781937068,0,0,6242,6263,True,0.6075158969022805
2023-12-11,17279,14792,0.8560680594941837,57.249196449091095,0.49865062616655137,0.015934618849370762,0.059649501054832424,6152,0,0,930,True,0.6069104466454436
2024-02-11,17280,13749,0.7956597222222223,61.13051359654328,0.49534874568159853,0.017070195677044386,0.031406552851829146,0,0,5932,5814,True,0.6058051141672266
2024-02-24,17280,15756,0.9118055555555555,56.69488491382278,0.4999287405794834,0.011326122500760035,0.056133311854028874,7542,0,627,364,True,0.6003330372409723
2024-02-12,17280,14566,0.8429398148148148,57.970622058422386,0.4984228952703833,0.016415359863639886,0.050162547771970524,0,0,6694,6583,True,0.6000369644823221
2024-01-28,17280,15191,0.8791087962962963,57.85105854090985,0.4993251387763343,0.016812019932606982,0.043709391290189366,0,0,7127,7101,True,0.5995703921825873
2024-01-21,17280,14845,0.8590856481481481,57.739729530528734,0.4987261299928517,0.013119789653470845,0.05352376736239629,0,0,6885,6748,True,0.5988974595414052
2024-02-09,17280,13148,0.7608796296296296,64.09847049646083,0.48866266589640983,0.01495932141503739,0.05188193555045589,0,0,5170,5132,True,0.5962068376696107
2024-01-27,17280,15071,0.8721643518518518,56.84208733599552,0.4997740822266649,0.016203527342817256,0.052319508146126605,0,0,7151,7232,True,0.5955747475140047
2024-02-14,17280,14760,0.8541666666666666,57.40446933697986,0.49837232128501324,0.0165826315450157,0.041876610255273214,0,0,6761,6586,True,0.5953962926899489
2023-08-11,17280,15402,0.8913194444444444,60.53406579156808,0.49958948099021283,0.012940242593803483,0.01934313874211909,0,0,7263,4633,True,0.5953666389349431
2024-03-04,8640,8640,1.0,64.8140874791253,0.28256636388643286,0.02381564087707752,0.09645390367686842,3817,0,927,2152,True,0.5945572669881624
2024-01-30,17278,13840,0.8010186364162519,57.281098867534354,0.4963729583716929,0.020042135540234485,0.06680574540096189,0,0,5726,6053,True,0.5945335485321088
2024-03-02,8640,8640,1.0,72.61289085905382,0.28475042674967505,0.022840286455000715,0.06806880491751084,3914,0,1613,2279,True,0.5939326453013095
2024-02-15,17280,15123,0.8751736111111111,55.8299984614308,0.4996870264670642,0.019139944386230227,0.059620527426116926,0,0,7277,7051,True,0.5932581281267257
2024-02-07,17280,13556,0.7844907407407408,59.72329911455475,0.49131264606929287,0.01301597981195718,0.05267947530772654,0,0,5471,5444,True,0.5927899248292144
2024-01-22,17280,14232,0.8236111111111111,57.48607389731454,0.49669363680967216,0.01474341727923446,0.047517343224343055,0,0,6330,6206,True,0.5924713215832054
2024-02-13,17280,15284,0.8844907407407407,57.08522126879228,0.49966427179069517,0.01618213021971918,0.032319978331401523,0,0,7329,7170,True,0.5921969903998772
2024-02-08,17280,12899,0.7464699074074074,63.595176053905526,0.486409319540581,0.014373966556968579,0.050074254296050835,0,0,4942,4896,True,0.5911341485095363
2023-12-24,17280,15225,0.8810763888888888,60.312516212212316,0.49944213960484357,0.013571192156218641,0.02188071457279038,0,0,4719,7106,True,0.5909538418977598
2024-03-01,8640,8640,1.0,74.5182269843619,0.27932897802073037,0.023313501323370817,0.057651750371490264,3373,0,1516,2227,True,0.5889698863511094
2023-09-20,17279,14771,0.8548527113837606,54.814553874483785,0.49898435772121913,0.016518192747985126,0.032003803879196525,2607,0,770,0,True,0.5847307145712957
2024-02-28,8640,8640,1.0,74.31506840577865,0.28018622172460084,0.02139132610034409,0.052213204554379056,3309,0,1271,2146,True,0.5843368613368263
2023-11-26,17280,14773,0.8549189814814815,59.067967147363305,0.4987808708161151,0.01530778974248112,0.03487697472989666,0,0,4161,6831,True,0.5836866817887583
2024-02-16,17280,15757,0.911863425925926,51.81181764313649,0.49999738100645363,0.016883474865641762,0.08290095694612194,6425,0,0,253,True,0.5765491185151855
2023-11-23,17280,14093,0.8155671296296296,60.377308638912396,0.49600934164690436,0.014773042032833882,0.028838128891932182,1459,0,342,979,True,0.5749330319929711
2025-05-14,8640,7496,0.8675925925925926,70.73131716608928,0.3056781998459623,0.02151705824617253,0.06837819663401405,2761,0,771,0,True,0.5744595706149214
2024-02-29,8640,8640,1.0,78.64972829965485,0.24984552411939764,0.02009587355964548,0.040830497585524116,4047,0,2397,1416,True,0.5738949786714291
2024-01-18,17280,15832,0.9162037037037037,53.640728104764044,0.49999942549848375,0.016445372316173306,0.03585675728694501,0,0,7745,7839,True,0.5734716231401017
2024-02-27,17280,15974,0.9244212962962963,56.68534896985979,0.4997779642051804,0.01568968425691058,0.04555353775245644,1664,0,855,1106,True,0.5720650383883753
2023-08-05,8640,8640,1.0,69.73261228822538,0.2777762345636146,0.021565458770240385,0.09281623473311242,4069,0,724,0,True,0.5715823498628668
2024-01-11,17280,14634,0.846875,45.82181101783994,0.49410781388287056,0.008838800648732657,0.027355175806678744,7197,0,0,6150,True,0.5705062050296651
2024-01-19,17280,15295,0.8851273148148148,53.65730053512979,0.49970085460157776,0.01636107824679597,0.020297148750569708,0,0,7158,7333,True,0.5698153996580234
2024-02-25,17280,15286,0.8846064814814815,59.165184537520965,0.49969936840593965,0.014786264782538116,0.03882006302546249,0,0,1850,7209,True,0.5682985442159636
2025-05-19,8640,8640,1.0,75.60298817787184,0.28690997411661967,0.02065554603558593,0.06708210768979521,4017,0,773,0,True,0.5680202831596604
2025-05-09,8640,8640,1.0,74.47801712051536,0.2973584612976659,0.02132249981093019,0.04978327089942321,3937,0,837,0,True,0.5679040123132134
2023-10-31,17280,15300,0.8854166666666666,50.367028068008715,0.4996884842728306,0.014069455120205649,0.09449430845613696,6743,0,0,0,True,0.567265346024107
2025-07-16,8640,8640,1.0,71.0213607264516,0.25635252035137224,0.016500065139268428,0.06202055024104791,3298,0,2342,0,True,0.5666047146259089
2025-05-04,8640,8640,1.0,74.65568138952497,0.29372582934735014,0.021686143799633635,0.048580043290885215,3902,0,815,0,True,0.5665827073367173
2025-04-24,8640,8640,1.0,71.81782312015697,0.2808692743910985,0.021495152597185672,0.06759800700597518,3893,0,720,0,True,0.5664415154019116
2024-01-08,17280,14320,0.8287037037037037,60.71635518255176,0.4967822271227546,0.013769493557162902,0.04366658629261311,0,0,249,6231,True,0.5652118979527182
2025-04-20,8640,8640,1.0,70.05186149710416,0.2676390200256587,0.019157799235510035,0.07852514518114267,3863,0,660,0,True,0.5632453243725899
2025-05-24,8640,8640,1.0,74.81712883854605,0.27725585129503033,0.019637417015719676,0.06305030235688937,3983,0,717,0,True,0.5631511388119371
2023-12-22,17280,14586,0.8440972222222223,61.08374173849895,0.4981664456221681,0.013681635877020084,0.028585928074815782,0,0,0,6570,True,0.5622782818108213
2024-01-06,17280,15186,0.8788194444444445,59.05455989559301,0.4996953948334841,0.01404646712093591,0.028723609108011527,1431,0,0,720,True,0.5622755257423082
2025-07-14,21131,21108,0.9989115517486158,46.630677620085606,0.48318674453132365,0.11444799330000525,0.3539993698441612,0,0,0,0,True,0.5622020492299167
2025-04-26,8640,8640,1.0,70.5253805032849,0.2561586039291692,0.017746612369197255,0.09357106682225136,3857,0,587,0,True,0.5620088877445387
2023-10-21,17280,14889,0.8616319444444445,60.28470534354148,0.4990590656162033,0.014496267956800785,0.04027409406015193,0,0,6979,0,True,0.5612345135405206
2025-04-19,8640,8640,1.0,75.74804691068074,0.27932897802073037,0.02186749767039835,0.04649014762886597,3803,0,709,0,True,0.5610989884127439
2024-01-04,17280,14768,0.8546296296296296,60.599930464637595,0.4989113516803588,0.013924710367520422,0.0314307028493626,0,0,0,6723,True,0.5605525273690359
2023-10-22,17280,14599,0.844849537037037,60.93911035929828,0.4988790919291984,0.014294564203482766,0.024712506659584906,0,0,6768,0,True,0.5603983862321535
2023-10-09,17280,14749,0.8535300925925926,60.46007113713676,0.49811055406666954,0.01348150282648368,0.04042135622761414,0,0,6713,0,True,0.5602784821663349
2023-09-09,17280,14883,0.8612847222222222,60.82472728881287,0.49897389759424876,0.013257862653554078,0.026049454927212466,0,0,6898,0,True,0.5601828865382399
2025-04-22,8171,7786,0.9528821441684004,70.05258309626045,0.27680446014975674,0.02233982412619205,0.046858410297997546,2669,0,633,0,True,0.5601553429245579
